Titre,Mandat parlementaire,Parti politique d'adhésion,Soutien
Damien Abad,Député,Les Républicains,Parrainage à François Fillon
Patrick Abate,Sénateur,Parti Communiste Français,Parrainage à Philippe Poutou
Laurence Abeille,Député,Europe Écologie Les Verts,Parrainage à Benoît Hamon
Ibrahim Aboubacar,Député,Parti socialiste,Parrainage à Benoît Hamon
Elie Aboud,Député,Les Républicains,Parrainage à François Fillon
Bernard Accoyer,Député,Les Républicains,Parrainage à François Fillon
Patricia Adam,Député,Parti socialiste,Parrainage à Benoît Hamon
Philippe Adnot,Sénateur,Mouvement Libéral et Modéré,N'a parrainé personne
Leila Aïchi,Sénateur,Europe Écologie Les Verts,Parrainage à Emmanuel Macron
Sylviane Alaux,Député,Parti socialiste,Parrainage à Benoît Hamon
Eric Alauzet,Député,Europe Écologie Les Verts,N'a parrainé personne
Yves Albarello,Député,Les Républicains,Parrainage à François Fillon
Louis Aliot,Député Européen,Front National,Parrainage à Marine Le Pen
Brigitte Allain,Député,Europe Écologie Les Verts,Parrainage à Benoît Hamon
Michèle Alliot-Marie,Député Européen,Les Républicains,N'a parrainé personne
Pascal Allizard,Sénateur,Les Républicains,Parrainage à François Fillon
Jean-Pierre Allossery,Député,Parti socialiste,N'a parrainé personne
Nicole Ameline,Député,Les Républicains,Parrainage à François Fillon
Michel Amiel,Sénateur,La Force du 13,Parrainage à Emmanuel Macron
Pouria Amirshahi,Député,Sans étiquette,Parrainage à Benoît Hamon
François André,Député,Parti socialiste,N'a parrainé personne
Michèle André,Sénateur,Parti socialiste,N'a parrainé personne
Eric Andrieu,Député Européen,Parti socialiste,Parrainage à Benoît Hamon
Maurice Antiste,Sénateur,Parti socialiste,Parrainage à Philippe Poutou
Alain Anziani,Sénateur,Parti socialiste,Parrainage à Benoît Hamon
Benoist Apparu,Député,Les Républicains,N'a parrainé personne
Nathalie Appéré,Député,Parti socialiste,Parrainage à Benoît Hamon
Aline Archimbaud,Sénateur,Union des Démocrates et des Ecologistes,Parrainage à Emmanuel Macron
Kader Arif,Député,Parti socialiste,Parrainage à Benoît Hamon
Marie-Christine Arnautu,Député Européen,Front National,Parrainage à Marine Le Pen
Guillaume Arnell,Sénateur,Rassemblement Responsabilité Réussite,N'a parrainé personne
Laurence Arribagé,Député,Les Républicains,Parrainage à François Fillon
Jean Arthuis,Député Européen,Alliance Centriste/UDI,Parrainage à Emmanuel Macron
François Asensi,Député,Fédération pour une alternative sociale et écologique,Parrainage à Jean-Luc Mélenchon
Christian Assaf,Député,Parti socialiste,Parrainage à Benoît Hamon
Éliane Assassi,Sénateur,Parti Communiste Français,Parrainage à Jean-Luc Mélenchon
David Assouline,Sénateur,Parti socialiste,Parrainage à Benoît Hamon
Isabelle Attard,Député,Sans étiquette,Parrainage à Charlotte Marchandise
Julien Aubert,Député,Les Républicains,Parrainage à François Fillon
Olivier Audibert Troin,Député,Les Républicains,Parrainage à François Fillon
Danielle Auroi,Député,Europe Écologie Les Verts,Parrainage à Benoît Hamon
Pierre Aylagas,Député,Parti socialiste,Parrainage à Benoît Hamon
Bruno Nestor Azérot,Député,Divers gauche,N'a parrainé personne
Guillaume Bachelay,Député,Parti socialiste,Parrainage à Benoît Hamon
Alexis Bachelay,Député,Parti socialiste,Parrainage à Benoît Hamon
Jean-Paul Bacquet,Député,Parti socialiste,Parrainage à Benoît Hamon
Dominique Baert,Député,Parti socialiste,N'a parrainé personne
Guy Bailliart,Député,Parti socialiste,N'a parrainé personne
Dominique Bailly,Sénateur,Parti socialiste,N'a parrainé personne
Gérard Bailly,Sénateur,Les Républicains,N'a parrainé personne
Guillaume Balas,Député Européen,Parti socialiste,Parrainage à Benoît Hamon
Patrick Balkany,Député,Les Républicains,Parrainage à François Fillon
Alain Ballay,Député,Parti socialiste,Parrainage à Benoît Hamon
Gérard Bapt,Député,Parti socialiste,Parrainage à Benoît Hamon
Gilbert Barbier,Sénateur,Les Républicains,Parrainage à François Fillon
Jean-Pierre Barbier,Député,Les Républicains,Parrainage à François Fillon
Frédéric Barbier,Député,Parti socialiste,Parrainage à Benoît Hamon
Serge Bardy,Député,Parti socialiste,Parrainage à Benoît Hamon
François Baroin,Sénateur,Les Républicains,Parrainage à François Fillon
Claude Bartolone,Député,Parti socialiste,N'a parrainé personne
Philippe Bas,Sénateur,Les Républicains,Parrainage à François Fillon
Delphine Bataille,Sénateur,Parti socialiste,Parrainage à Emmanuel Macron
Christian Bataille,Député,Parti socialiste,Parrainage à Emmanuel Macron
Delphine Batho,Député,Parti socialiste,Parrainage à Benoît Hamon
Marie-Noëlle Battistel,Député,Parti socialiste,Parrainage à Benoît Hamon
Laurent Baumel,Député,Parti socialiste,Parrainage à Benoît Hamon
Philippe Baumel,Député,Parti socialiste,Parrainage à Benoît Hamon
Denis Baupin,Député,Sans étiquette,N'a parrainé personne
Nicolas Bay,Député Européen,Front National,Parrainage à Marine Le Pen
Nicolas Bays,Député,Parti socialiste,N'a parrainé personne
Catherine Beaubatie,Député,Parti socialiste,Parrainage à Benoît Hamon
Marie-France Beaufils,Sénateur,Front De Gauche,Parrainage à Jean-Luc Mélenchon
Marie-Françoise Bechtel,Député,République Moderne,N'a parrainé personne
Christophe Béchu,Sénateur,Les Républicains,Parrainage à François Fillon
Jean-Marie Beffara,Député,Parti socialiste,N'a parrainé personne
Huguette Bello,Député,Pour La Réunion,Parrainage à Jean-Luc Mélenchon
Luc Belot,Député,Parti socialiste,Parrainage à Benoît Hamon
Esther Benbassa,Sénateur,Europe Écologie Les Verts,Parrainage à Benoît Hamon
Jacques Alain Bénisti,Député,Les Républicains,Parrainage à François Fillon
Thierry Benoit,Député,Alliance Centriste/UDI,N'a parrainé personne
Pervenche Berès,Député Européen,Parti socialiste,Parrainage à Benoît Hamon
Karine Berger,Député,Parti socialiste,Parrainage à Benoît Hamon
Joëlle Bergeron,Député Européen,Sans étiquette,Parrainage à François Fillon
Claude Bérit-Débat,Sénateur,Parti socialiste,Parrainage à Benoît Hamon
Sylvain Berrios,Député,Les Républicains,Parrainage à François Fillon
Michel Berson,Sénateur,Parti socialiste,Parrainage à Emmanuel Macron
Chantal Berthelot,Député,A Gauche en Guyane,N'a parrainé personne
Alain Bertrand,Sénateur,Parti socialiste,Parrainage à Emmanuel Macron
Véronique Besse,Député,Mouvement Pour la France,N'a parrainé personne
Gisèle Biémouret,Député,Parti socialiste,Parrainage à Benoît Hamon
Philippe Bies,Député,Parti socialiste,Parrainage à Benoît Hamon
Jérôme Bignon,Sénateur,Les Républicains,Parrainage à François Fillon
Jacques Bigot,Sénateur,Parti socialiste,N'a parrainé personne
Dominique Bilde,Député Européen,Front National,Parrainage à Marine Le Pen
Annick Billon,Sénateur,Nouveau Centre/UDI,Parrainage à François Fillon
Michel Billout,Sénateur,Parti Communiste Français,Parrainage à Jean-Luc Mélenchon
Erwann Binet,Député,Parti socialiste,N'a parrainé personne
Jean Bizet,Sénateur,Les Républicains,Parrainage à François Fillon
Marie-Christine Blandin,Sénateur,Europe Écologie Les Verts,N'a parrainé personne
Jean-Pierre Blazy,Député,Parti socialiste,Parrainage à Benoît Hamon
Yves Blein,Député,Parti socialiste,N'a parrainé personne
Jean-Luc Bleunven,Député,Divers gauche,Parrainage à Charlotte Marchandise
Patrick Bloche,Député,Parti socialiste,Parrainage à Benoît Hamon
Maryvonne Blondin,Sénateur,Parti socialiste,Parrainage à Benoît Hamon
Jean-Marie Bockel,Sénateur,Parti Radical/UDI et La Gauche Moderne,N'a parrainé personne
Éric Bocquet,Sénateur,Parti Communiste Français,Parrainage à Jean-Luc Mélenchon
Alain Bocquet,Député,Parti Communiste Français,N'a parrainé personne
Daniel Boisserie,Député,Parti socialiste,N'a parrainé personne
Jacques Bompard,Député,Ligue Du Sud,N'a parrainé personne
François Bonhomme,Sénateur,Les Républicains,N'a parrainé personne
Philippe Bonnecarrère,Sénateur,Sans étiquette,N'a parrainé personne
Nicole Bonnefoy,Sénateur,Parti socialiste,Parrainage à Emmanuel Macron
Michèle Bonneton,Député,Europe Écologie Les Verts,Parrainage à Benoît Hamon
Marcel Bonnot,Député,Les Républicains,Parrainage à François Fillon
Christophe Borgel,Député,Parti socialiste,Parrainage à Benoît Hamon
Jean-Pierre Bosino,Sénateur,Parti Communiste Français,Parrainage à Jean-Luc Mélenchon
Yannick Botrel,Sénateur,Parti socialiste,N'a parrainé personne
Jean-Claude Bouchet,Député,Les Républicains,Parrainage à François Fillon
Gilbert Bouchet,Sénateur,Les Républicains,Parrainage à François Fillon
Corinne Bouchoux,Sénateur,Europe Écologie Les Verts,Parrainage à Benoît Hamon
Florent Boudié,Député,Parti socialiste,Parrainage à Emmanuel Macron
Marie-Odile Bouillé,Député,Parti socialiste,Parrainage à Benoît Hamon
Christophe Bouillon,Député,Parti socialiste,N'a parrainé personne
Jean-Claude Boulard,Sénateur,Parti socialiste,Parrainage à Emmanuel Macron
Gilles Bourdouleix,Député,Centre national des indépendants et paysans,N'a parrainé personne
Brigitte Bourguignon,Député,Parti socialiste,N'a parrainé personne
Martial Bourquin,Sénateur,Parti socialiste,Parrainage à Benoît Hamon
Michel Boutant,Sénateur,Parti socialiste,Parrainage à Emmanuel Macron
Malek Boutih,Député,Parti socialiste,N'a parrainé personne
Marie-Christine Boutonnet,Député Européen,Front National,Parrainage à Marine Le Pen
Michel Bouvard,Sénateur,Les Républicains,N'a parrainé personne
Kheira Bouziane-Laroussi,Député,Parti socialiste,Parrainage à Benoît Hamon
José Bové,Député Européen,Sans étiquette,Parrainage à Philippe Poutou
Valérie Boyer,Député,Les Républicains,Parrainage à François Fillon
Emeric Brehier,Député,Parti socialiste,N'a parrainé personne
Marine Brenier,Député,Les Républicains,Parrainage à François Fillon
Xavier Breton,Député,Les Républicains,Parrainage à François Fillon
Philippe Briand,Député,Les Républicains,Parrainage à François Fillon
Jean-Louis Bricout,Député,Parti socialiste,Parrainage à Benoît Hamon
Nicole Bricq,Sénateur,Parti socialiste,Parrainage à Emmanuel Macron
Jean-Jacques Bridey,Député,Parti socialiste,Parrainage à Emmanuel Macron
Steeve Briois,Député Européen,Front National,Parrainage à Marine Le Pen
Bernard Brochand,Député,Les Républicains,Parrainage à François Fillon
Isabelle Bruneau,Député,Parti socialiste,Parrainage à Benoît Hamon
Marie-George Buffet,Député,Parti Communiste Français,Parrainage à Jean-Luc Mélenchon
François-Noël Buffet,Sénateur,Les Républicains,Parrainage à François Fillon
Sabine Buis,Député,Parti socialiste,Parrainage à Benoît Hamon
Jean-Claude Buisine,Député,Parti socialiste,N'a parrainé personne
Sylviane Bulteau,Député,Parti socialiste,Parrainage à Benoît Hamon
Vincent Burroni,Député,Parti socialiste,Parrainage à Benoît Hamon
Dominique Bussereau,Député,Les Républicains,Parrainage à François Fillon
Henri Cabanel,Sénateur,Parti socialiste,Parrainage à Benoît Hamon
Alain Cadec,Député Européen,Les Républicains,Parrainage à François Fillon
Olivier Cadic,Sénateur,UDI,N'a parrainé personne
Jean-Pierre Caffet,Sénateur,Parti socialiste,N'a parrainé personne
Alain Calmette,Député,Parti socialiste,Parrainage à Emmanuel Macron
François Calvet,Sénateur,Les Républicains,Parrainage à François Fillon
Pierre Camani,Sénateur,Parti socialiste,Parrainage à Benoît Hamon
Jean-Christophe Cambadélis,Député,Parti socialiste,Parrainage à Benoît Hamon
Christian Cambon,Sénateur,Les Républicains,Parrainage à François Fillon
Claire-Lise Campion,Sénateur,Parti socialiste,N'a parrainé personne
Agnès Canayer,Sénateur,Les Républicains,N'a parrainé personne
Jean-Jacques Candelier,Député,Parti Communiste Français,Parrainage à Philippe Poutou
Michel Canevet,Sénateur,UDI,Parrainage à Emmanuel Macron
Jean-Pierre Cantegrit,Sénateur,Les Républicains,Parrainage à François Fillon
Colette Capdevielle,Député,Parti socialiste,Parrainage à Benoît Hamon
Yann Capet,Député,Parti socialiste,Parrainage à Benoît Hamon
Vincent Capo-Canellas,Sénateur,UDI,Parrainage à François Fillon
Thierry Carcenac,Sénateur,Parti socialiste,N'a parrainé personne
Jean-Noël Cardoux,Sénateur,Les Républicains,Parrainage à François Fillon
Christophe Caresche,Député,Parti socialiste,N'a parrainé personne
Jean-Claude Carle,Sénateur,Les Républicains,Parrainage à François Fillon
Marie-Arlette Carlotti,Député,Parti socialiste,Parrainage à Benoît Hamon
Jean-Noël Carpentier,Député,Mouvement Des Progressistes,Parrainage à Emmanuel Macron
Olivier Carré,Député,Les Républicains,Parrainage à François Fillon
Jean-Louis Carrère,Sénateur,Parti socialiste,N'a parrainé personne
Gilles Carrez,Député,Les Républicains,Parrainage à François Fillon
Martine Carrillon-Couvreur,Député,Parti socialiste,Parrainage à Emmanuel Macron
Françoise Cartron,Sénateur,Parti socialiste,N'a parrainé personne
Patrice Carvalho,Député,Parti Communiste Français,N'a parrainé personne
Luc Carvounas,Sénateur,Parti socialiste,Parrainage à Benoît Hamon
Christophe Castaner,Député,Parti socialiste,Parrainage à Emmanuel Macron
Joseph Castelli,Sénateur,Parti Radical de Gauche,Parrainage à Emmanuel Macron
Laurent Cathala,Député,Parti socialiste,Parrainage à Benoît Hamon
Jean-Yves Caullet,Député,Parti socialiste,Parrainage à Emmanuel Macron
Jean-Marie Cavada,Député Européen,Génération Citoyens,Parrainage à Emmanuel Macron
Christophe Cavard,Député,Union des Démocrates et des Ecologistes,Parrainage à Benoît Hamon
Caroline Cayeux,Sénateur,Les Républicains,Parrainage à François Fillon
Bernard Cazeau,Sénateur,Parti socialiste,Parrainage à Emmanuel Macron
Yves Censi,Député,Les Républicains,Parrainage à François Fillon
Gérard César,Sénateur,Les Républicains,Parrainage à François Fillon
Nathalie Chabanne,Député,Parti socialiste,Parrainage à Benoît Hamon
Anne Chain-Larché,Sénateur,Les Républicains,Parrainage à François Fillon
Patrick Chaize,Sénateur,Les Républicains,Parrainage à François Fillon
Ary Chalus,Député,"Guadeloupe unie, socialisme et réalités",Parrainage à Emmanuel Macron
Guy Chambefort,Député,Parti socialiste,N'a parrainé personne
Jean-Paul Chanteguet,Député,Parti socialiste,Parrainage à Benoît Hamon
Marie-Anne Chapdelaine,Député,Parti socialiste,Parrainage à Benoît Hamon
Gérard Charasse,Député,Parti Radical de Gauche,N'a parrainé personne
Pierre Charon,Sénateur,Les Républicains,Parrainage à François Fillon
Gaby Charroux,Député,Parti Communiste Français,Parrainage à Jean-Luc Mélenchon
Jérôme Chartier,Député,Les Républicains,Parrainage à François Fillon
André Chassaigne,Député,Parti Communiste Français,N'a parrainé personne
Daniel Chasseing,Sénateur,Les Républicains,Parrainage à Alain Juppé
Luc Chatel,Député,Les Républicains,Parrainage à François Fillon
Alain Chatillon,Sénateur,UDI,Parrainage à François Fillon
Aymeric Chauprade,Député Européen,Mouvement des Français Libres,Parrainage à François Fillon
Guy-Michel Chauveau,Député,Divers gauche,N'a parrainé personne
Dominique Chauvel,Député,Parti socialiste,N'a parrainé personne
Pascal Cherki,Député,Parti socialiste,Parrainage à Benoît Hamon
Gérard Cherpion,Député,Les Républicains,Parrainage à François Fillon
Guillaume Chevrollier,Député,Les Républicains,Parrainage à François Fillon
Jacques Chiron,Sénateur,Parti socialiste,N'a parrainé personne
Alain Chrétien,Député,Les Républicains,N'a parrainé personne
Jean-Louis Christ,Député,Les Républicains,N'a parrainé personne
Olivier Cigolotti,Sénateur,Nouveau Centre/UDI,N'a parrainé personne
Dino Cinieri,Député,Les Républicains,Parrainage à François Fillon
Jean-David Ciot,Député,Parti socialiste,N'a parrainé personne
Éric Ciotti,Député,Les Républicains,Parrainage à François Fillon
Alain Claeys,Député,Parti socialiste,Parrainage à Benoît Hamon
Karine Claireaux,Sénateur,Parti socialiste,N'a parrainé personne
Stéphane Claireaux,Député,Parti Radical de Gauche,N'a parrainé personne
Jean-Michel Clément,Député,Parti socialiste,N'a parrainé personne
Marie-Françoise Clergeau,Député,Parti socialiste,Parrainage à Benoît Hamon
Philippe Cochet,Député,Les Républicains,Parrainage à François Fillon
Laurence Cohen,Sénateur,Parti Communiste Français,Parrainage à Jean-Luc Mélenchon
Romain Colas,Député,Parti socialiste,Parrainage à Benoît Hamon
Gilbert Collard,Député,Front National,Parrainage à Marine Le Pen
Yvon Collin,Sénateur,Parti Radical de Gauche,Parrainage à Emmanuel Macron
Gérard Collomb,Sénateur,Parti socialiste,Parrainage à Emmanuel Macron
Pierre-Yves Collombat,Sénateur,Parti socialiste,Parrainage à Jean-Luc Mélenchon
David Comet,Député,Parti socialiste,Parrainage à Emmanuel Macron
François Commeinhes,Sénateur,Les Républicains,Parrainage à François Fillon
Hélène Conway-Mouret,Sénateur,Parti socialiste,Parrainage à Benoît Hamon
Jean-François Copé,Député,Les Républicains,Parrainage à François Fillon
Philip Cordery,Député,Parti socialiste,N'a parrainé personne
Jacques Cornano,Sénateur,Parti socialiste,Parrainage à Emmanuel Macron
Gérard Cornu,Sénateur,Les Républicains,Parrainage à François Fillon
François Cornut-Gentille,Député,Les Républicains,Parrainage à François Fillon
Sergio Coronado,Député,Europe Écologie Les Verts,Parrainage à Jean-Luc Mélenchon
Valérie Corre,Député,Parti socialiste,Parrainage à Benoît Hamon
Jean-Louis Costes,Député,Les Républicains,Parrainage à François Fillon
Jean-Jacques Cottel,Député,Parti socialiste,Parrainage à Benoît Hamon
Roland Courteau,Sénateur,Parti socialiste,Parrainage à Benoît Hamon
Édouard Courtial,Député,Les Républicains,Parrainage à François Fillon
Catherine Coutelle,Député,Parti socialiste,N'a parrainé personne
Jean-Michel Couve,Député,Les Républicains,Parrainage à François Fillon
Jacques Cresta,Député,Parti socialiste,Parrainage à Emmanuel Macron
Pascale Crozon,Député,Parti socialiste,Parrainage à Benoît Hamon
Cécile Cukierman,Sénateur,Parti Communiste Français,Parrainage à Jean-Luc Mélenchon
Frédéric Cuvillier,Député,Parti socialiste,N'a parrainé personne
Pierre Cuypers,Sénateur,Les Républicains,Parrainage à François Fillon
Mireille D'Ornano,Député Européen,Front National,Parrainage à Marine Le Pen
Seybah Dagoma,Député,Parti socialiste,Parrainage à Benoît Hamon
Philippe Dallier,Sénateur,Les Républicains,Parrainage à François Fillon
Marie-Christine Dalloz,Député,Les Républicains,Parrainage à François Fillon
René Danesi,Sénateur,Les Républicains,Parrainage à François Fillon
Karine Daniel,Député,Parti socialiste,Parrainage à Benoît Hamon
Yves Daniel,Député,Parti socialiste,Parrainage à Emmanuel Macron
Arnaud Danjean,Député Européen,Les Républicains,Parrainage à François Fillon
Ronan Dantec,Sénateur,Europe Écologie Les Verts,Parrainage à Benoît Hamon
Michel Dantin,Député Européen,Les Républicains,Parrainage à François Fillon
Mathieu Darnaud,Sénateur,Les Républicains,N'a parrainé personne
Olivier Dassault,Député,Les Républicains,Parrainage à François Fillon
Serge Dassault,Sénateur,Les Républicains,Parrainage à François Fillon
Rachida Dati,Député Européen,Les Républicains,Parrainage à François Fillon
Marc-Philippe Daubresse,Député,Les Républicains,Parrainage à François Fillon
Yves Daudigny,Sénateur,Parti socialiste,Parrainage à Benoît Hamon
Marc Daunis,Sénateur,Parti socialiste,Parrainage à Benoît Hamon
Annie David,Sénateur,Parti Communiste Français,Parrainage à Jean-Luc Mélenchon
Charles de Courson,Député,Nouveau Centre/UDI,Parrainage à François Fillon
Claude de Ganay,Député,Les Républicains,Parrainage à François Fillon
Laure de La Raudière,Député,Les Républicains,Parrainage à François Fillon
Charles de La Verpillière,Député,Les Républicains,Parrainage à François Fillon
Dominique De Legge,Sénateur,Les Républicains,Parrainage à François Fillon
François de Mazieres,Député,Les Républicains,Parrainage à François Fillon
Albéric De Montgolfier,Sénateur,Les Républicains,Parrainage à François Fillon
Louis-Jean De Nicolay,Sénateur,Les Républicains,Parrainage à François Fillon
Henri De Raincourt,Sénateur,Les Républicains,Parrainage à François Fillon
Camille de Rocca Serra,Député,Les Républicains,Parrainage à François Fillon
Marie-France de Rose,Sénateur,Les Républicains,Parrainage à François Fillon
François De Rugy,Député,Union des démocrates et écologistes,Parrainage à Emmanuel Macron
Marielle De Sarnez,Député Européen,Mouvement Démocrate (MoDEM),Parrainage à Emmanuel Macron
Bernard Debré,Député,Les Républicains,Parrainage à François Fillon
Isabelle Debré,Sénateur,Les Républicains,Parrainage à François Fillon
Jean-Pierre Decool,Député,Droite Populaire,N'a parrainé personne
Bernard Deflesselles,Député,Les Républicains,Parrainage à François Fillon
Laurent Degallaix,Député,Parti Radical/UDI,N'a parrainé personne
Lucien Degauchy,Député,Les Républicains,Parrainage à François Fillon
Pascal Deguilhem,Député,Parti socialiste,Parrainage à Benoît Hamon
Robert Del Picchia,Sénateur,Les Républicains,Parrainage à François Fillon
Angélique Delahaye,Député Européen,Les Républicains,Parrainage à François Fillon
Vincent Delahaye,Sénateur,Parti Radical/UDI,Parrainage à François Fillon
Rémi Delatte,Député,Les Républicains,Parrainage à François Fillon
Francis Delattre,Sénateur,Les Républicains,Parrainage à Alain Juppé
Florence Delaunay,Député,Parti socialiste,Parrainage à Benoît Hamon
Michèle Delaunay,Député,Parti socialiste,N'a parrainé personne
Guy Delcourt,Député,Parti socialiste,Parrainage à Benoît Hamon
Bernard Delcros,Sénateur,Sans étiquette,Parrainage à Emmanuel Macron
Michel Delebarre,Sénateur,Parti socialiste,N'a parrainé personne
Carole Delga,Député,Parti socialiste,Parrainage à Benoît Hamon
Jacques Dellerie,Député,Parti socialiste,Parrainage à Benoît Hamon
Karima Delli,Député Européen,Europe Écologie Les Verts,Parrainage à Charlotte Marchandise
Pascal Demarthe,Député,Parti socialiste,Parrainage à Emmanuel Macron
Michelle Demessine,Sénateur,Parti Communiste Français,Parrainage à Jean-Luc Mélenchon
Stéphane Demilly,Député,Nouveau Centre/UDI,N'a parrainé personne
Sébastien Denaja,Député,Parti socialiste,Parrainage à Benoît Hamon
Jean-Paul Denanot,Député Européen,Parti socialiste,Parrainage à Benoît Hamon
Gérard Dériot,Sénateur,Les Républicains,Parrainage à François Fillon
Catherine Deroche,Sénateur,Les Républicains,Parrainage à François Fillon
Jacky Deromedi,Sénateur,Les Républicains,Parrainage à François Fillon
Marie-Hélène Des Esgaulx,Sénateur,Les Républicains,Parrainage à François Fillon
Françoise Descamps-Crosnier,Député,Parti socialiste,Parrainage à Benoît Hamon
Jean Desessard,Sénateur,Europe Écologie Les Verts,Parrainage à Benoît Hamon
Chantal Deseyne,Sénateur,Les Républicains,Parrainage à François Fillon
Félix Desplan,Sénateur,Parti socialiste,N'a parrainé personne
Jean-Louis Destans,Député,Parti socialiste,Parrainage à Emmanuel Macron
Michel Destot,Député,Parti socialiste,N'a parrainé personne
Yves Détraigne,Sénateur,UDI,Parrainage à François Fillon
Patrick Devedjian,Député,Les Républicains,Parrainage à François Fillon
Nicolas Dhuicq,Député,Les Républicains,Parrainage à François Fillon
Catherine Di Folco,Sénateur,Divers droite,Parrainage à François Fillon
Évelyne Didier,Sénateur,Parti Communiste Français,Parrainage à Jean-Luc Mélenchon
Sophie Dion,Député,Les Républicains,Parrainage à François Fillon
Julien Dive,Député,Les Républicains,Parrainage à François Fillon
Élisabeth Doineau,Sénateur,UDI,N'a parrainé personne
Marc Dolez,Député,Divers gauche,N'a parrainé personne
Éric Doligé,Sénateur,Les Républicains,Parrainage à François Fillon
Fanny Dombre Coste,Député,Parti socialiste,Parrainage à Benoît Hamon
Philippe Dominati,Sénateur,Les Républicains,Parrainage à François Fillon
Jean-Pierre Door,Député,Les Républicains,Parrainage à François Fillon
Dominique Dord,Député,Les Républicains,Parrainage à François Fillon
René Dosière,Député,Sans étiquette,Parrainage à Emmanuel Macron
Philippe Doucet,Député,Parti socialiste,N'a parrainé personne
Sandrine Doucet,Député,Parti socialiste,Parrainage à Benoît Hamon
David Douillet,Député,Les Républicains,Parrainage à François Fillon
Jeanine Dubié,Député,Parti Radical de Gauche,N'a parrainé personne
Daniel Dubois,Sénateur,Nouveau Centre/UDI,Parrainage à François Fillon
Marianne Dubois,Député,Les Républicains,Parrainage à François Fillon
Françoise Dubois,Député,Parti socialiste,N'a parrainé personne
Virginie Duby-Muller,Député,Les Républicains,Parrainage à François Fillon
Marie-Annick Duchêne,Sénateur,Sans étiquette,Parrainage à François Fillon
Jean-Pierre Dufau,Député,Parti socialiste,Parrainage à Benoît Hamon
Alain Dufaut,Sénateur,Les Républicains,Parrainage à François Fillon
Cécile Duflot,Député,Europe Écologie Les Verts,Parrainage à Benoît Hamon
Anne-Lise Dufour-Tonini,Député,Parti socialiste,Parrainage à Benoît Hamon
William Dumas,Député,Parti socialiste,Parrainage à Benoît Hamon
Françoise Dumas,Député,Parti socialiste,N'a parrainé personne
Laurence Dumont,Député,Parti socialiste,Parrainage à Benoît Hamon
Jean-Louis Dumont,Député,Parti socialiste,N'a parrainé personne
Jean-Léonce Dupont,Sénateur,Nouveau Centre/UDI,N'a parrainé personne
Nicolas Dupont-Aignan,Député,Debout La France,Parrainage à Nicolas Dupont-Aignan
Jean-Paul Dupré,Député,Parti socialiste,Parrainage à Benoît Hamon
Jérôme Durain,Sénateur,Parti socialiste,Parrainage à Benoît Hamon
Alain Duran,Sénateur,Parti socialiste,Parrainage à Benoît Hamon
Yves Durand,Député,Parti socialiste,N'a parrainé personne
Pascal Durand,Député Européen,Sans étiquette,N'a parrainé personne
Nicole Duranton,Sénateur,Les Républicains,N'a parrainé personne
Philippe Duron,Député,Parti socialiste,N'a parrainé personne
Josette Durrieu,Sénateur,Parti socialiste,N'a parrainé personne
Olivier Dussopt,Député,Parti socialiste,N'a parrainé personne
Louis Duvernois,Sénateur,Les Républicains,Parrainage à François Fillon
Vincent Éblé,Sénateur,Parti socialiste,N'a parrainé personne
Éric Elkouby,Député,Parti socialiste,N'a parrainé personne
Anne Émery-Dumas,Sénateur,Parti socialiste,Parrainage à Emmanuel Macron
Henri Emmanuelli,Député,Parti socialiste,Parrainage à Benoît Hamon
Jean-Paul Émorine,Sénateur,Les Républicains,Parrainage à François Fillon
Corinne Erhel,Député,Parti socialiste,Parrainage à Emmanuel Macron
Sophie Errante,Député,Parti socialiste,Parrainage à Emmanuel Macron
Philippe Esnol,Sénateur,Parti Radical de Gauche,Parrainage à Emmanuel Macron
Frédérique Espagnac,Sénateur,Parti socialiste,Parrainage à Benoît Hamon
Dominique Estrosi Sassone,Sénateur,Les Républicains,Parrainage à François Fillon
Marie-Hélène Fabre,Député,Parti socialiste,Parrainage à Benoît Hamon
Hubert Falco,Sénateur,Les Républicains,Parrainage à François Fillon
Olivier Falorni,Député,Divers gauche,N'a parrainé personne
Daniel Fasquelle,Député,Les Républicains,Parrainage à François Fillon
Martine Faure,Député,Parti socialiste,Parrainage à Benoît Hamon
Alain Fauré,Député,Parti socialiste,N'a parrainé personne
Olivier Faure,Député,Parti socialiste,Parrainage à Benoît Hamon
Yannick Favennec,Député,Alliance Centriste/UDI,Parrainage à François Fillon
Christian Favier,Sénateur,Parti Communiste Français,Parrainage à Jean-Luc Mélenchon
Georges Fenech,Député,Les Républicains,Parrainage à François Fillon
Françoise Férat,Sénateur,UDI,Parrainage à François Fillon
Corinne Féret,Sénateur,Parti socialiste,Parrainage à Benoît Hamon
Hervé Féron,Député,Parti socialiste,Parrainage à Benoît Hamon
Richard Ferrand,Député,Parti socialiste,Parrainage à Emmanuel Macron
Edouard Ferrand,Député Européen,Front National,Parrainage à Marine Le Pen
Aurélie Filippetti,Député,Parti socialiste,Parrainage à Benoît Hamon
Jean-Jacques Filleul,Sénateur,Parti socialiste,Parrainage à Emmanuel Macron
François Fillon,Député,Les Républicains,N'a parrainé personne
Geneviève Fioraso,Député,Parti socialiste,N'a parrainé personne
Philippe Folliot,Député,Alliance Centriste/UDI,Parrainage à Jean Lassalle
Michel Fontaine,Sénateur,Les Républicains,Parrainage à François Fillon
Michel Forissier,Sénateur,Les Républicains,Parrainage à François Fillon
Marie-Louise Fort,Député,Les Républicains,Parrainage à François Fillon
François Fortassin,Sénateur,Parti Radical de Gauche,Parrainage à Emmanuel Macron
Thierry Foucaud,Sénateur,Parti Communiste Français,Parrainage à Jean-Luc Mélenchon
Alain Fouché,Sénateur,Les Républicains,Parrainage à François Fillon
Yves Foulon,Député,Les Républicains,Parrainage à François Fillon
Hugues Fourage,Député,Parti socialiste,N'a parrainé personne
Jean-Marc Fournel,Député,Parti socialiste,Parrainage à Benoît Hamon
Valérie Fourneyron,Député,Parti socialiste,Parrainage à Benoît Hamon
Jean-Paul Fournier,Sénateur,Les Républicains,Parrainage à François Fillon
Bernard Fournier,Sénateur,Les Républicains,Parrainage à François Fillon
Michèle Fournier-Armand,Député,Parti socialiste,Parrainage à Benoît Hamon
Michel Françaix,Député,Parti socialiste,N'a parrainé personne
Marc Francina,Député,Les Républicains,Parrainage à François Fillon
Christian Franqueville,Député,Parti socialiste,N'a parrainé personne
Christophe-André Frassa,Sénateur,Les Républicains,Parrainage à François Fillon
Jacqueline Fraysse,Député,Fédération pour une alternative sociale et écologique,Parrainage à Jean-Luc Mélenchon
Pierre Frogier,Sénateur,Rassemblement - Les Républicains,Parrainage à François Fillon
Jean-Christophe Fromantin,Député,Territoire En Mouvement,Parrainage à François Fillon
Yves Fromion,Député,Les Républicains,Parrainage à François Fillon
Jean-Claude Fruteau,Député,Parti socialiste,N'a parrainé personne
Laurent Furst,Député,Les Républicains,N'a parrainé personne
Jean-Marc Gabouty,Sénateur,Parti Radical/UDI,Parrainage à Alain Juppé
Jean-Louis Gagnaire,Député,Parti socialiste,Parrainage à Emmanuel Macron
Geneviève Gaillard,Député,Parti socialiste,N'a parrainé personne
Yann Galut,Député,Parti socialiste,Parrainage à Benoît Hamon
Sauveur Gandolfi-Scheit,Député,Les Républicains,Parrainage à François Fillon
Guillaume Garot,Député,Parti socialiste,Parrainage à Benoît Hamon
Joëlle Garriaud-Maylam,Sénateur,Les Républicains,Parrainage à François Fillon
Françoise Gatel,Sénateur,UDI,N'a parrainé personne
André Gattolin,Sénateur,Europe Écologie Les Verts,Parrainage à Daniel Cohn-Bendit
Jean-Claude Gaudin,Sénateur,Les Républicains,Parrainage à François Fillon
Renaud Gauquelin,Député,Parti socialiste,Parrainage à Benoît Hamon
Hervé Gaymard,Député,Les Républicains,Parrainage à François Fillon
Jacques Genest,Sénateur,Les Républicains,Parrainage à Alain Juppé
Annie Genevard,Député,Les Républicains,Parrainage à François Fillon
Catherine Génisson,Sénateur,Parti socialiste,N'a parrainé personne
Guy Geoffroy,Député,Les Républicains,Parrainage à François Fillon
Bernard Gérard,Député,Les Républicains,Parrainage à François Fillon
Frédérique Gerbaud,Sénateur,Les Républicains,Parrainage à François Fillon
Jean-Marc Germain,Député,Parti socialiste,Parrainage à Benoît Hamon
Alain Gest,Député,Les Républicains,Parrainage à François Fillon
Samia Ghali,Sénateur,Parti socialiste,N'a parrainé personne
Paul Giacobbi,Député,Parti Radical de Gauche,Parrainage à Emmanuel Macron
Daniel Gibbes,Député,Les Républicains,Parrainage à François Fillon
Franck Gilard,Député,Les Républicains,N'a parrainé personne
Jean-Patrick Gille,Député,Parti socialiste,Parrainage à Benoît Hamon
Bruno Gilles,Sénateur,Les Républicains,Parrainage à François Fillon
Dominique Gillot,Sénateur,Parti socialiste,Parrainage à Benoît Hamon
Jacques Gillot,Sénateur,"Guadeloupe unie, socialisme et réalités",Parrainage à Rama Yade
Georges Ginesta,Député,Les Républicains,Parrainage à François Fillon
Charles-Ange Ginesy,Député,Les Républicains,Parrainage à François Fillon
Jean-Pierre Giran,Député,Les Républicains,Parrainage à François Fillon
Éliane Giraud,Sénateur,Parti socialiste,Parrainage à Benoît Hamon
Joël Giraud,Député,Parti Radical de Gauche,Parrainage à Emmanuel Macron
Colette Giudicelli,Sénateur,Les Républicains,Parrainage à François Fillon
Jean Glavany,Député,Parti socialiste,Parrainage à Benoît Hamon
Yves Goasdoué,Député,Divers gauche,N'a parrainé personne
Claude Goasguen,Député,Les Républicains,Parrainage à François Fillon
Sylvie Goddyn,Député Européen,Front National,Parrainage à Marine Le Pen
Jean-Pierre Godefroy,Sénateur,Parti socialiste,Parrainage à Benoît Hamon
Daniel Goldberg,Député,Parti socialiste,Parrainage à Benoît Hamon
Bruno Gollnisch,Député Européen,Front National,Parrainage à Marine Le Pen
Philippe Gomès,Député,UDI,Parrainage à François Fillon
Brigitte Gonthier-Maurin,Sénateur,Parti Communiste Français,Parrainage à Jean-Luc Mélenchon
Gaëtan Gorce,Sénateur,Parti socialiste,Parrainage à Benoît Hamon
Jean-Pierre Gorges,Député,Les Républicains,Parrainage à Alexandre Jardin
Philippe Gosselin,Député,Les Républicains,Parrainage à François Fillon
Geneviève Gosselin-Fleury,Député,Parti socialiste,N'a parrainé personne
Pascale Got,Député,Parti socialiste,N'a parrainé personne
Marc Goua,Député,Parti socialiste,N'a parrainé personne
Philippe Goujon,Député,Les Républicains,Parrainage à François Fillon
Sylvie Goulard,Député Européen,Mouvement Démocrate (MoDEM),Parrainage à Emmanuel Macron
Nathalie Goulet,Sénateur,UDI,N'a parrainé personne
Jacqueline Gourault,Sénateur,Mouvement Démocrate (MoDEM),Parrainage à Emmanuel Macron
Linda Gourjade,Député,Parti socialiste,Parrainage à Benoît Hamon
Alain Gournac,Sénateur,Les Républicains,Parrainage à François Fillon
Sylvie Goy-Chavent,Sénateur,Parti Radical/UDI,N'a parrainé personne
Jean-Pierre Grand,Sénateur,Les Républicains,Parrainage à Alain Juppé
Laurent Grandguillaume,Député,Parti socialiste,N'a parrainé personne
Claude Greff,Député,Les Républicains,Parrainage à François Fillon
Jean Grellier,Député,Parti socialiste,N'a parrainé personne
Daniel Gremillet,Sénateur,Les Républicains,Parrainage à François Fillon
Nathalie Griesbeck,Député Européen,Mouvement Démocrate (MoDEM),Parrainage à Emmanuel Macron
François Grosdidier,Sénateur,Les Républicains,Parrainage à François Fillon
Jacques Grosperrin,Sénateur,Les Républicains,Parrainage à François Fillon
Françoise Grossetête,Député Européen,Les Républicains,Parrainage à François Fillon
Arlette Grosskost,Député,Les Républicains,Parrainage à François Fillon
Serge Grouard,Député,Les Républicains,Parrainage à François Fillon
Pascale Gruny,Sénateur,Les Républicains,Parrainage à François Fillon
Henri Guaino,Député,Les Républicains,Parrainage à Michèle Alliot-Marie
Françoise Guégot,Député,Les Républicains,Parrainage à François Fillon
Charles Guené,Sénateur,Les Républicains,Parrainage à François Fillon
Jean-Noël Guérini,Sénateur,Sans étiquette,N'a parrainé personne
Joël Guerriau,Sénateur,Nouveau Centre/UDI,N'a parrainé personne
Edith Gueugneau,Député,Divers gauche,N'a parrainé personne
Jean-Claude Guibal,Député,Les Républicains,Parrainage à François Fillon
Élisabeth Guigou,Député,Parti socialiste,Parrainage à Benoît Hamon
Sylvie Guillaume,Député Européen,Parti socialiste,Parrainage à Benoît Hamon
Didier Guillaume,Sénateur,Parti socialiste,N'a parrainé personne
Annie Guillemot,Sénateur,Parti socialiste,Parrainage à Benoît Hamon
Jean-Jacques Guillet,Député,Les Républicains,Parrainage à François Fillon
Christophe Guilloteau,Député,Les Républicains,Parrainage à François Fillon
Chantal Guittet,Député,Parti socialiste,Parrainage à Benoît Hamon
Meyer Habib,Député,UDI,Parrainage à François Fillon
David Habib,Député,Parti socialiste,N'a parrainé personne
Razzy Hammadi,Député,Parti socialiste,Parrainage à Benoît Hamon
Benoît Hamon,Député,Parti socialiste,N'a parrainé personne
Mathieu Hanotin,Député,Parti socialiste,Parrainage à Benoît Hamon
Claude Haut,Sénateur,Parti socialiste,N'a parrainé personne
Michel Heinrich,Député,Les Républicains,Parrainage à François Fillon
Michel Herbillon,Député,Les Républicains,Parrainage à François Fillon
Antoine Herth,Député,Les Républicains,N'a parrainé personne
Loïc Hervé,Sénateur,Nouveau Centre/UDI,Parrainage à Jean Lassalle
Odette Herviaux,Sénateur,Parti socialiste,N'a parrainé personne
Patrick Hetzel,Député,Les Républicains,Parrainage à François Fillon
Francis Hillmeyer,Député,Nouveau Centre/UDI,Parrainage à François Fillon
Gélita Hoarau,Sénateur,Parti Communiste Français,Parrainage à Jean-Luc Mélenchon
Gilda Hobert,Député,Parti Radical de Gauche,N'a parrainé personne
Brice Hortefeux,Député Européen,Les Républicains,Parrainage à François Fillon
Philippe Houillon,Député,Les Républicains,Parrainage à François Fillon
Alain Houpert,Sénateur,Les Républicains,Parrainage à François Baroin
Robert Hue,Sénateur,Mouvement Des Progressistes,Parrainage à Emmanuel Macron
Guénhaël Huet,Député,Les Républicains,Parrainage à François Fillon
Joëlle Huillier,Député,Parti socialiste,N'a parrainé personne
Christiane Hummel,Sénateur,Les Républicains,Parrainage à François Fillon
Benoît Huré,Sénateur,Les Républicains,Parrainage à François Fillon
Jean-François Husson,Sénateur,Les Républicains,Parrainage à François Fillon
Christian Hutin,Député,République Moderne,Parrainage à Bastien Faudot
Sébastien Huyghe,Député,Les Républicains,N'a parrainé personne
Monique Iborra,Député,Sans étiquette,Parrainage à Emmanuel Macron
Corinne Imbert,Sénateur,Les Républicains,N'a parrainé personne
Françoise Imbert,Député,Parti socialiste,N'a parrainé personne
Michel Issindou,Député,Parti socialiste,Parrainage à Benoît Hamon
Christian Jacob,Député,Les Républicains,Parrainage à François Fillon
Denis Jacquat,Député,Les Républicains,Parrainage à François Fillon
Yannick Jadot,Député Européen,Europe Écologie Les Verts,Parrainage à Benoît Hamon
Jean-François Jalkh,Député Européen,Front National,Parrainage à Marine Le Pen
Eric Jalton,Député,Parti socialiste,Parrainage à Emmanuel Macron
Serge Janquin,Député,Parti socialiste,Parrainage à Benoît Hamon
Éric Jeansannetas,Sénateur,Parti socialiste,Parrainage à Benoît Hamon
Yves Jégo,Député,Parti Radical/UDI,N'a parrainé personne
Henri Jibrayel,Député,Parti socialiste,N'a parrainé personne
Sophie Joissains,Sénateur,Parti Radical/UDI,Parrainage à François Fillon
Eva Joly,Député Européen,Europe Écologie Les Verts,N'a parrainé personne
Romain Joron,Député,Parti socialiste,Parrainage à Benoît Hamon
Chantal Jouanno,Sénateur,UDI,Parrainage à François Fillon
Marc Joulaud,Député Européen,Les Républicains,Parrainage à François Fillon
Gisèle Jourda,Sénateur,Parti socialiste,Parrainage à Benoît Hamon
Mireille Jouve,Sénateur,Sans étiquette,N'a parrainé personne
Alain Joyandet,Sénateur,Les Républicains,Parrainage à François Fillon
Régis Juanico,Député,Parti socialiste,Parrainage à Benoît Hamon
Philippe Juvin,Député Européen,Les Républicains,Parrainage à François Fillon
Laurent Kalinowski,Député,Parti socialiste,Parrainage à Benoît Hamon
Philippe Kaltenbach,Sénateur,Sans étiquette,Parrainage à Benoît Hamon
Christiane Kammermann,Sénateur,Les Républicains,Parrainage à François Fillon
Antoine Karam,Sénateur,Parti socialiste guyanais,N'a parrainé personne
Marietta Karamanli,Député,Parti socialiste,Parrainage à Benoît Hamon
Roger Karoutchi,Sénateur,Les Républicains,Parrainage à François Fillon
Fabienne Keller,Sénateur,Les Républicains,Parrainage à Alain Juppé
Philippe Kemel,Député,Parti socialiste,Parrainage à Benoît Hamon
Guy-Dominique Kennel,Sénateur,Les Républicains,N'a parrainé personne
Claude Kern,Sénateur,Nouveau Centre/UDI,N'a parrainé personne
Christian Kert,Député,Les Républicains,Parrainage à François Fillon
Bariza Khiari,Sénateur,Parti socialiste,Parrainage à Emmanuel Macron
Chaynesse Khirouni,Député,Parti socialiste,Parrainage à Benoît Hamon
Nathalie Kosciusko-Morizet,Député,Les Républicains,Parrainage à François Fillon
Jacques Kossowski,Député,Les Républicains,Parrainage à François Fillon
Jacques Krabal,Député,Parti Radical de Gauche,Parrainage à Emmanuel Macron
Patrick Labaune,Député,Les Républicains,Parrainage à François Fillon
Georges Labazée,Sénateur,Parti socialiste,Parrainage à Benoît Hamon
Joël Labbé,Sénateur,Europe Écologie Les Verts,Parrainage à Benoît Hamon
Françoise Laborde,Sénateur,Parti Radical de Gauche,Parrainage à Emmanuel Macron
Bernadette Laclais,Député,Parti socialiste,N'a parrainé personne
Valérie Lacroute,Député,Les Républicains,Parrainage à François Fillon
Conchita Lacuey,Député,Parti socialiste,Parrainage à Benoît Hamon
Marc Laffineur,Député,Les Républicains,Parrainage à Alain Juppé
Sonia Lagarde,Député,UDI,Parrainage à Alain Juppé
Jean-Christophe Lagarde,Député,Force Européenne Démocrate/UDI,Parrainage à François Fillon
Bernard Lalande,Sénateur,Parti socialiste,N'a parrainé personne
Alain Lamassoure,Député Européen,Les Républicains,Parrainage à François Fillon
Jérôme Lambert,Député,Sans étiquette,N'a parrainé personne
François-Michel Lambert,Député,Union des démocrates et écologistes,Parrainage à Emmanuel Macron
Jacques Lamblin,Député,Les Républicains,Parrainage à François Fillon
Marc Laménie,Sénateur,Les Républicains,N'a parrainé personne
Jean-François Lamour,Député,Les Républicains,Parrainage à François Fillon
Élisabeth Lamure,Sénateur,Les Républicains,Parrainage à François Fillon
François Lamy,Député,Parti socialiste,Parrainage à Benoît Hamon
Anne-Christine Lang,Député,Parti socialiste,Parrainage à Emmanuel Macron
Colette Langlade,Député,Parti socialiste,Parrainage à Benoît Hamon
Gérard Larcher,Sénateur,Les Républicains,Parrainage à François Fillon
Serge Larcher,Sénateur,Parti socialiste,Parrainage à Philippe Poutou
Guillaume Larrivé,Député,Les Républicains,Parrainage à François Fillon
Jean Lassalle,Député,Mouvement Démocrate (MoDEM),Parrainage à Philippe Poutou
Jean-Jacques Lasserre,Sénateur,Mouvement Démocrate (MoDEM),N'a parrainé personne
Robert Laufoaulu,Sénateur,Les Républicains,Parrainage à François Fillon
Jean Launay,Député,Parti socialiste,Parrainage à Emmanuel Macron
Pierre Laurent,Sénateur,Parti Communiste Français/Parti de la Gauche Européenne,Parrainage à Jean-Luc Mélenchon
Jean-Luc Laurent,Député,Mouvement Républicain et Citoyen,Parrainage à Bastien Faudot
Daniel Laurent,Sénateur,Les Républicains,Parrainage à François Fillon
Nuihau Laurey,Sénateur,Tahoeraa Huiraatira/UDI,N'a parrainé personne
Jérôme Lavrilleux,Député Européen,Sans étiquette,Parrainage à Michèle Alliot-Marie
Thierry Lazaro,Député,Les Républicains,Parrainage à François Fillon
Pierre-Yves Le Borgn',Député,Parti socialiste,Parrainage à Benoît Hamon
Jean-Yves Le Bouillonnec,Député,Parti socialiste,Parrainage à Benoît Hamon
Gilbert Le Bris,Député,Parti socialiste,Parrainage à Benoît Hamon
Isabelle Le Callennec,Député,Les Républicains,Parrainage à François Fillon
Anne-Yvonne Le Dain,Député,Parti socialiste,Parrainage à François Hollande
Jean-Yves Le Déaut,Député,Parti socialiste,Parrainage à Emmanuel Macron
Viviane Le Dissez,Député,Parti socialiste,Parrainage à Benoît Hamon
Marc Le Fur,Député,Les Républicains,Parrainage à François Fillon
Constance Le Grip,Député Européen,Les Républicains,N'a parrainé personne
Annie Le Houérou,Député,Parti socialiste,Parrainage à Benoît Hamon
Patrick Le Hyaric,Député Européen,Parti Communiste Français,Parrainage à Jean-Luc Mélenchon
Annick Le Loch,Député,Parti socialiste,Parrainage à Benoît Hamon
Bruno Le Maire,Député,Les Républicains,N'a parrainé personne
Dominique Le Mèner,Député,Les Républicains,Parrainage à François Fillon
Jean-Marie Le Pen,Député Européen,Sans étiquette,Parrainage à Marine Le Pen
Marine Le Pen,Député Européen,Front National,Parrainage à Henri Guaino
Philippe Le Ray,Député,Les Républicains,Parrainage à François Fillon
Jean-Pierre Le Roch,Député,Parti socialiste,Parrainage à Emmanuel Macron
Marie-Thérèse Le Roy,Député,Parti socialiste,N'a parrainé personne
Michel Le Scouarnec,Sénateur,Parti Communiste Français,Parrainage à Jean-Luc Mélenchon
Marie Le Vern,Député,Parti socialiste,N'a parrainé personne
Alain Leboeuf,Député,Les Républicains,Parrainage à François Fillon
Marylise Lebranchu,Député,Parti socialiste,Parrainage à Benoît Hamon
Patrick Lebreton,Député,Parti socialiste,Parrainage à Benoît Hamon
Gilles Lebreton,Député Européen,Front National,Parrainage à Marine Le Pen
Jean-Yves Leconte,Sénateur,Parti socialiste,Parrainage à Benoît Hamon
Vincent Ledoux,Député,Les Républicains,Parrainage à François Fillon
Michel Lefait,Député,Parti socialiste,N'a parrainé personne
Dominique Lefebvre,Député,Parti socialiste,N'a parrainé personne
Frédéric Lefebvre,Député,Les Républicains,Parrainage à François Fillon
Antoine Lefèvre,Sénateur,Les Républicains,Parrainage à François Fillon
Jacques Legendre,Sénateur,Les Républicains,Parrainage à François Fillon
Jean-Pierre Leleux,Sénateur,Les Républicains,Parrainage à François Fillon
Pierre Lellouche,Député,Les Républicains,N'a parrainé personne
Patrick Lemasle,Député,Parti socialiste,N'a parrainé personne
Catherine Lemorton,Député,Parti socialiste,Parrainage à Benoît Hamon
Jean-Baptiste Lemoyne,Sénateur,Les Républicains,N'a parrainé personne
Jean-Claude Lenoir,Sénateur,Les Républicains,Parrainage à François Fillon
Christophe Leonard,Député,Parti socialiste,Parrainage à Benoît Hamon
Jean Léonetti,Député,Les Républicains,Parrainage à François Fillon
Claudine Lepage,Sénateur,Parti socialiste,Parrainage à Benoît Hamon
Annick Lepetit,Député,Parti socialiste,Parrainage à Benoît Hamon
Pierre Lequiller,Député,Les Républicains,Parrainage à François Fillon
Arnaud Leroy,Député,Parti socialiste,Parrainage à Emmanuel Macron
Maurice Leroy,Député,Nouveau Centre/UDI,Parrainage à François Fillon
Jean-Claude Leroy,Sénateur,Parti socialiste,Parrainage à Benoît Hamon
Philippe Leroy,Sénateur,Les Républicains,Parrainage à François Fillon
Michel Lesage,Député,Parti socialiste,Parrainage à Benoît Hamon
Bernard Lesterlin,Député,Sans étiquette,Parrainage à Benoît Hamon
Valérie Létard,Sénateur,UDI,N'a parrainé personne
Serge Letchimy,Député,Parti Progressiste Martiniquais,Parrainage à Benoît Hamon
Céleste Lett,Député,Les Républicains,Parrainage à François Fillon
Geneviève Levy,Député,Les Républicains,Parrainage à François Fillon
Michel Liebgott,Député,Parti socialiste,Parrainage à Benoît Hamon
Marie-Noëlle Lienemann,Sénateur,Parti socialiste,Parrainage à Benoît Hamon
Martine Lignières-Cassou,Député,Parti socialiste,Parrainage à Benoît Hamon
Audrey Linkenheld,Député,Parti socialiste,Parrainage à Benoît Hamon
Philippe Loiseau,Député Européen,Front National,Parrainage à Marine Le Pen
Anne-Catherine Loisier,Sénateur,Sans étiquette,Parrainage à Alain Juppé
François Loncle,Député,Parti socialiste,Parrainage à Emmanuel Macron
Jean-François Longeot,Sénateur,UDI,Parrainage à Alain Juppé
Gérard Longuet,Sénateur,Les Républicains,Parrainage à François Fillon
Vivette Lopez,Sénateur,Les Républicains,Parrainage à François Fillon
Jeanny Lorgeoux,Sénateur,Parti socialiste,N'a parrainé personne
Gabrielle Louis-Carabin,Député,Divers gauche,N'a parrainé personne
Lucette Lousteau,Député,Parti socialiste,Parrainage à Benoît Hamon
Véronique Louwagie,Député,Les Républicains,Parrainage à François Fillon
Jean-Jacques Lozach,Sénateur,Parti socialiste,Parrainage à Benoît Hamon
Lionnel Luca,Député,Les Républicains,Parrainage à François Fillon
Jean-Claude Luche,Sénateur,UDI,N'a parrainé personne
Victorin Lurel,Député,Parti socialiste,Parrainage à Benoît Hamon
Gilles Lurton,Député,Les Républicains,Parrainage à François Fillon
Roger Madec,Sénateur,Parti socialiste,N'a parrainé personne
Philippe Madrelle,Sénateur,Parti socialiste,Parrainage à Benoît Hamon
Jean-Pierre Maggi,Député,Sans étiquette,Parrainage à Emmanuel Macron
Jacques-Bernard Magner,Sénateur,Parti socialiste,Parrainage à Benoît Hamon
Michel Magras,Sénateur,Sans étiquette,Parrainage à François Fillon
Hermeline Malherbe,Sénateur,Parti socialiste,N'a parrainé personne
Claude Malhuret,Sénateur,Les Républicains,N'a parrainé personne
Noël Mamère,Député,Sans étiquette,Parrainage à Benoît Hamon
Christian Manable,Sénateur,Parti socialiste,Parrainage à Benoît Hamon
Jean-François Mancel,Député,Les Républicains,Parrainage à François Fillon
Didier Mandelli,Sénateur,Les Républicains,Parrainage à François Fillon
Louis-Joseph Manscour,Député Européen,Parti socialiste,N'a parrainé personne
Jacqueline Maquet,Député,Parti socialiste,N'a parrainé personne
Alain Marc,Sénateur,Les Républicains,N'a parrainé personne
François Marc,Sénateur,Parti socialiste,N'a parrainé personne
Laurent Marcangeli,Député,Les Républicains,Parrainage à François Fillon
Marie-Lou Marcel,Député,Parti socialiste,Parrainage à Benoît Hamon
Marion Maréchal-Le Pen,Député,Front National,Parrainage à Marine Le Pen
Thierry Mariani,Député,Les Républicains,Parrainage à François Fillon
Didier Marie,Sénateur,Parti socialiste,Parrainage à Benoît Hamon
Alfred Marie-Jeanne,Député,Mouvement indépendantiste martiniquais,N'a parrainé personne
Hervé Mariton,Député,Les Républicains,Parrainage à François Fillon
Alain Marleix,Député,Les Républicains,Parrainage à François Fillon
Olivier Marleix,Député,Les Républicains,Parrainage à François Fillon
Franck Marlin,Député,Les Républicains,Parrainage à François Fillon
Jean-René Marsac,Député,Parti socialiste,Parrainage à Benoît Hamon
Alain Marsaud,Député,Les Républicains,Parrainage à François Fillon
Hervé Marseille,Sénateur,UDI,Parrainage à François Fillon
Philippe Armand Martin,Député,Les Républicains,Parrainage à François Fillon
Philippe Martin,Député,Parti socialiste,Parrainage à Benoît Hamon
Dominique Martin,Député Européen,Front National,Parrainage à Marine Le Pen
Edouard Martin,Député Européen,Parti socialiste,Parrainage à Benoît Hamon
Patrice Martin-Lalande,Député,Les Républicains,Parrainage à François Fillon
Martine Martinel,Député,Parti socialiste,Parrainage à Benoît Hamon
Alain Marty,Député,Les Républicains,Parrainage à François Fillon
Patrick Masclet,Sénateur,Les Républicains,Parrainage à François Fillon
Frédérique Massat,Député,Parti socialiste,N'a parrainé personne
Jean-Pierre Masseret,Sénateur,Parti socialiste,Parrainage à Emmanuel Macron
Jean Louis Masson,Sénateur,Démocratie et République,Parrainage à Nicolas Dupont-Aignan
Véronique Massonneau,Député,Union des Démocrates et des Ecologistes,Parrainage à Benoît Hamon
Jean-Claude Mathis,Député,Les Républicains,Parrainage à François Fillon
Emmanuel Maurel,Député Européen,Parti socialiste,Parrainage à Benoît Hamon
Hervé Maurey,Sénateur,Nouveau Centre/UDI,Parrainage à François Fillon
Jean-François Mayet,Sénateur,Les Républicains,Parrainage à François Fillon
Sandrine Mazetier,Député,Parti socialiste,Parrainage à Benoît Hamon
Rachel Mazuir,Sénateur,Parti socialiste,N'a parrainé personne
Pierre Médevielle,Sénateur,Parti Radical/UDI,Parrainage à François Fillon
Jean-Luc Mélenchon,Député Européen,Parti De Gauche,Parrainage à Jean-Luc Mélenchon
Joëlle Mélin,Député Européen,Front National,Parrainage à Marine Le Pen
Colette Mélot,Sénateur,Les Républicains,Parrainage à François Fillon
Michel Ménard,Député,Parti socialiste,Parrainage à Benoît Hamon
Patrick Mennucci,Député,Parti socialiste,Parrainage à Benoît Hamon
Gérard Menuel,Député,Les Républicains,Parrainage à François Fillon
Marie Mercier,Sénateur,Les Républicains,N'a parrainé personne
Michel Mercier,Sénateur,UDI,Parrainage à Emmanuel Macron
Damien Meslot,Député,Les Républicains,Parrainage à François Fillon
Kléber Mesquida,Député,Parti socialiste,Parrainage à Benoît Hamon
Michelle Meunier,Sénateur,Parti socialiste,Parrainage à Benoît Hamon
Philippe Meunier,Député,Les Républicains,Parrainage à François Fillon
Jacques Mézard,Sénateur,Parti Radical de Gauche,Parrainage à Emmanuel Macron
Danielle Michel,Sénateur,Parti socialiste,N'a parrainé personne
Brigitte Micouleau,Sénateur,Les Républicains,Parrainage à François Fillon
Jean-Claude Mignon,Député,Les Républicains,Parrainage à François Fillon
Alain Milon,Sénateur,Les Républicains,N'a parrainé personne
Gérard Miquel,Sénateur,Parti socialiste,Parrainage à Emmanuel Macron
Thani Mohamed Soilihi,Sénateur,Parti socialiste,Parrainage à Benoît Hamon
Paul Molac,Député,Sans étiquette,N'a parrainé personne
Marie-Pierre Monier,Sénateur,Parti socialiste,Parrainage à Benoît Hamon
Bernard Monot,Député Européen,Front National,Parrainage à Marine Le Pen
Franck Montaugé,Sénateur,Parti socialiste,Parrainage à Benoît Hamon
Sophie Montel,Député Européen,Front National,Parrainage à Marine Le Pen
Pierre Morange,Député,Les Républicains,Parrainage à François Fillon
Nadine Morano,Député Européen,Les Républicains,N'a parrainé personne
Yannick Moreau,Député,Les Républicains,Parrainage à François Fillon
Pierre Morel-A-L'Huissier,Député,Les Républicains,Parrainage à François Fillon
Patricia Morhet-Richaud,Sénateur,Les Républicains,Parrainage à François Fillon
Elisabeth Morin-Chartier,Député Européen,Les Républicains,Parrainage à François Fillon
Catherine Morin-Desailly,Sénateur,Nouveau Centre/UDI,N'a parrainé personne
Jean-Marie Morisset,Sénateur,Les Républicains,Parrainage à François Fillon
Philippe Mouiller,Sénateur,Les Républicains,Parrainage à François Fillon
Alain Moyne-Bressand,Député,Les Républicains,Parrainage à François Fillon
Pierre-Alain Muet,Député,Parti socialiste,Parrainage à Benoît Hamon
Renaud Muselier,Député Européen,Les Républicains,N'a parrainé personne
Jacques Myard,Député,Les Républicains,Parrainage à François Fillon
Philippe Nachbar,Sénateur,Les Républicains,Parrainage à François Fillon
Dominique Nachury,Député,Les Républicains,Parrainage à François Fillon
Philippe Naillet,Député,Parti socialiste,Parrainage à Benoît Hamon
Christian Namy,Sénateur,Parti Radical/UDI,N'a parrainé personne
Philippe Nauche,Député,Parti socialiste,Parrainage à Benoît Hamon
Robert Navarro,Sénateur,Sans étiquette,N'a parrainé personne
Louis Nègre,Sénateur,Les Républicains,Parrainage à François Fillon
Alain Néri,Sénateur,Parti socialiste,Parrainage à Benoît Hamon
Yves Nicolin,Député,Les Républicains,Parrainage à François Fillon
Nathalie Nieson,Député,Parti socialiste,Parrainage à Benoît Hamon
Jean-Philippe Nilor,Député,Mouvement indépendantiste martiniquais,N'a parrainé personne
Philippe Noguès,Député,Sans étiquette,Parrainage à Benoît Hamon
Claude Nougein,Sénateur,Les Républicains,Parrainage à Alain Juppé
Robert Olive,Député,Parti socialiste,Parrainage à Benoît Hamon
Maud Olivier,Député,Parti socialiste,Parrainage à Benoît Hamon
Patrick Ollier,Député,Les Républicains,Parrainage à Michèle Alliot-Marie
Younous Omarjee,Député Européen,Parti Communiste Réunionnais,Parrainage à Jean-Luc Mélenchon
Dominique Orliac,Député,Parti Radical de Gauche,N'a parrainé personne
Monique Orphé,Député,Parti socialiste,Parrainage à Emmanuel Macron
Michel Pajon,Député,Parti socialiste,N'a parrainé personne
Bertrand Pancher,Député,Parti Radical/UDI,N'a parrainé personne
Luce Pane,Député,Parti socialiste,Parrainage à Benoît Hamon
Jean-Jacques Panunzi,Sénateur,Les Républicains,Parrainage à François Fillon
Gilles Pargneaux,Député Européen,Parti socialiste,Parrainage à Benoît Hamon
Georges Patient,Sénateur,Parti socialiste,Parrainage à Oscar Temaru
François Patriat,Sénateur,Parti socialiste,Parrainage à Emmanuel Macron
George Pau-Langevin,Député,Parti socialiste,Parrainage à Benoît Hamon
Christian Paul,Député,Parti socialiste,Parrainage à Benoît Hamon
Philippe Paul,Sénateur,Les Républicains,Parrainage à François Fillon
Rémi Pauvros,Député,Parti socialiste,Parrainage à Benoît Hamon
Vincent Peillon,Député Européen,Parti socialiste,Parrainage à Benoît Hamon
Germinal Peiro,Député,Parti socialiste,Parrainage à Benoît Hamon
Jacques Pélissard,Député,Les Républicains,Parrainage à François Fillon
Cyril Pellevat,Sénateur,Les Républicains,Parrainage à François Fillon
Hervé Pellois,Député,Divers gauche,N'a parrainé personne
Daniel Percheron,Sénateur,Parti socialiste,N'a parrainé personne
Jean-Claude Perez,Député,Parti socialiste,Parrainage à Emmanuel Macron
Stéphanie Pernod Beaudon,Député,Les Républicains,Parrainage à François Fillon
Marie-Françoise Perol-Dumont,Sénateur,Parti socialiste,N'a parrainé personne
Cédric Perrin,Sénateur,Les Républicains,Parrainage à François Fillon
Bernard Perrut,Député,Les Républicains,Parrainage à François Fillon
Edouard Philippe,Député,Les Républicains,Parrainage à François Fillon
Florian Philippot,Député Européen,Front National,Parrainage à Marine Le Pen
Jackie Pierre,Sénateur,Les Républicains,Parrainage à François Fillon
Sébastien Pietrasanta,Député,Parti socialiste,N'a parrainé personne
François Pillet,Sénateur,Les Républicains,Parrainage à François Fillon
Sylvia Pinel,Député,Parti Radical de Gauche,N'a parrainé personne
Xavier Pintat,Sénateur,Les Républicains,N'a parrainé personne
Christine Pires Beaune,Député,Parti socialiste,Parrainage à Benoît Hamon
Michel Piron,Député,UDI,Parrainage à Alain Juppé
Philippe Plisson,Député,Parti socialiste,Parrainage à Benoît Hamon
Elisabeth Pochon,Député,Parti socialiste,N'a parrainé personne
Hervé Poher,Sénateur,Parti socialiste,N'a parrainé personne
Rémy Pointereau,Sénateur,Les Républicains,Parrainage à François Fillon
Jean-Frédéric Poisson,Député,Parti Chrétien-Démocrate/Les Républicains,Parrainage à François Fillon
Berengère Poletti,Député,Les Républicains,Parrainage à François Fillon
Napole Polutélé,Député,Sans étiquette,Parrainage à Emmanuel Macron
Maurice Ponga,Député Européen,Rassemblement - Les Républicains,Parrainage à François Fillon
Ladislas Poniatowski,Sénateur,Les Républicains,Parrainage à François Fillon
Axel Poniatowski,Député,Les Républicains,Parrainage à François Fillon
Josette Pons,Député,Les Républicains,Parrainage à François Fillon
Pascal Popelin,Député,Parti socialiste,N'a parrainé personne
Hugues Portelli,Sénateur,Les Républicains,Parrainage à François Fillon
Dominique Potier,Député,Parti socialiste,Parrainage à Benoît Hamon
Michel Pouzol,Député,Parti socialiste,Parrainage à Benoît Hamon
Régine Povéda,Député,Parti socialiste,Parrainage à Benoît Hamon
Yves Pozzo Di Borgo,Sénateur,UDI,Parrainage à François Fillon
Patrice Prat,Député,Sans étiquette,N'a parrainé personne
Christophe Premat,Député,Parti socialiste,Parrainage à Benoît Hamon
Sophie Primas,Sénateur,Les Républicains,Parrainage à François Fillon
Christophe Priou,Député,Les Républicains,Parrainage à François Fillon
Catherine Procaccia,Sénateur,Les Républicains,Parrainage à François Fillon
Franck Proust,Député Européen,Les Républicains,Parrainage à François Fillon
Christine Prunaud,Sénateur,Parti Communiste Français,Parrainage à Philippe Poutou
Joaquim Pueyo,Député,Parti socialiste,N'a parrainé personne
François Pupponi,Député,Parti socialiste,Parrainage à Benoît Hamon
Didier Quentin,Député,Les Républicains,Parrainage à François Fillon
Catherine Quéré,Député,Parti socialiste,N'a parrainé personne
Valérie Rabault,Député,Parti socialiste,Parrainage à Benoît Hamon
Monique Rabin,Député,Parti socialiste,Parrainage à Benoît Hamon
David Rachline,Sénateur,Front National,Parrainage à Marine Le Pen
Jean-Pierre Raffarin,Sénateur,Les Républicains,Parrainage à François Fillon
Dominique Raimbourg,Député,Parti socialiste,Parrainage à Benoît Hamon
Michel Raison,Sénateur,Les Républicains,Parrainage à François Fillon
Daniel Raoul,Sénateur,Parti socialiste,Parrainage à Emmanuel Macron
Jean-François Rapin,Sénateur,Les Républicains,Parrainage à François Fillon
Stéphane Ravier,Sénateur,Front National,Parrainage à Marine Le Pen
Claude Raynal,Sénateur,Parti socialiste,Parrainage à Benoît Hamon
Marie Recalde,Député,Parti socialiste,Parrainage à Benoît Hamon
André Reichardt,Sénateur,Les Républicains,N'a parrainé personne
Daniel Reiner,Sénateur,Parti socialiste,N'a parrainé personne
Frédéric Reiss,Député,Les Républicains,Parrainage à François Fillon
Jean-Luc Reitzer,Député,Les Républicains,Parrainage à François Fillon
Jean-Claude Requier,Sénateur,Parti Radical de Gauche,Parrainage à Emmanuel Macron
Bruno Retailleau,Sénateur,Les Républicains,Parrainage à François Fillon
Christine Revault D'Allonnes Bonnefoy,Député Européen,Parti socialiste,Parrainage à Benoît Hamon
Charles Revet,Sénateur,Les Républicains,Parrainage à François Fillon
Marie-Line Reynaud,Député,Parti socialiste,Parrainage à Benoît Hamon
Bernard Reynès,Député,Les Républicains,Parrainage à François Fillon
Franck Reynier,Député,Parti Radical/UDI,Parrainage à François Fillon
Pierre Ribeaud,Député,Parti socialiste,Parrainage à Benoît Hamon
Arnaud Richard,Député,Parti Radical/UDI,Parrainage à François Fillon
Alain Richard,Sénateur,Parti socialiste,Parrainage à Benoît Hamon
Franck Riester,Député,Les Républicains,Parrainage à Alain Juppé
Eduardo Rihan Cypel,Député,Parti socialiste,N'a parrainé personne
Stéphanie Riocreux,Sénateur,Parti socialiste,Parrainage à Benoît Hamon
Dominique Riquet,Député Européen,UDI,N'a parrainé personne
Michèle Rivasi,Député Européen,Europe Écologie Les Verts,N'a parrainé personne
Évelyne Rivollier,Sénateur,Divers gauche,Parrainage à Jean-Luc Mélenchon
Thierry Robert,Député,La politique autrement,Parrainage à Emmanuel Macron
Didier Robert,Sénateur,Les Républicains,Parrainage à François Fillon
Sylvie Robert,Sénateur,Parti socialiste,Parrainage à Benoît Hamon
Denys Robiliard,Député,Parti socialiste,Parrainage à Benoît Hamon
Arnaud Robinet,Député,Les Républicains,Parrainage à François Fillon
Gérard Roche,Sénateur,Nouveau Centre/UDI,Parrainage à Emmanuel Macron
François Rochebloine,Député,Force Européenne Démocrate/UDI,Parrainage à François Fillon
Robert Rochefort,Député Européen,Mouvement Démocrate (MoDEM),N'a parrainé personne
Alain Rodet,Député,Parti socialiste,N'a parrainé personne
Marcel Rogemont,Député,Parti socialiste,Parrainage à Benoît Hamon
Gilbert Roger,Sénateur,Parti socialiste,Parrainage à Benoît Hamon
Sophie Rohfritsch,Député,Les Républicains,Parrainage à François Fillon
Frédéric Roig,Député,Parti socialiste,Parrainage à Benoît Hamon
Barbara Romagnan,Député,Parti socialiste,Parrainage à Benoît Hamon
Yves Rome,Sénateur,Parti socialiste,Parrainage à Emmanuel Macron
Gwendal Rouillard,Député,Parti socialiste,N'a parrainé personne
Jean-Louis Roumegas,Député,Europe Écologie Les Verts,Parrainage à Benoît Hamon
René Rouquet,Député,Parti socialiste,Parrainage à Benoît Hamon
Alain Rousset,Député,Parti socialiste,N'a parrainé personne
Jean-Yves Roux,Sénateur,Parti socialiste,N'a parrainé personne
Virginie Rozière,Député Européen,Parti Radical de Gauche,Parrainage à Benoît Hamon
Martial Saddier,Député,Les Républicains,Parrainage à François Fillon
Maïna Sage,Député,Tapura Huiraatira/UDI,N'a parrainé personne
Boinali Said,Député,Sans étiquette,Parrainage à Benoît Hamon
Tokia Saïfi,Député Européen,Les Républicains,Parrainage à François Fillon
Stéphane Saint-André,Député,Parti Radical de Gauche,N'a parrainé personne
Paul Salen,Député,Les Républicains,N'a parrainé personne
Rudy Salles,Député,Nouveau Centre/UDI,Parrainage à François Fillon
Anne Sander,Député Européen,Les Républicains,Parrainage à François Fillon
Nicolas Sansu,Député,Parti Communiste Français,Parrainage à Jean-Luc Mélenchon
Béatrice Santais,Député,Parti socialiste,N'a parrainé personne
André Santini,Député,Force Européenne Démocrate/UDI,Parrainage à François Fillon
Eva Sas,Député,Europe Écologie Les Verts,Parrainage à Benoît Hamon
Bernard Saugey,Sénateur,Les Républicains,Parrainage à François Fillon
Odile Saugues,Député,Parti socialiste,N'a parrainé personne
Gilbert Sauvan,Député,Parti socialiste,Parrainage à Benoît Hamon
René-Paul Savary,Sénateur,Les Républicains,Parrainage à François Fillon
Gilles Savary,Député,Parti socialiste,N'a parrainé personne
Michel Savin,Sénateur,Les Républicains,Parrainage à François Fillon
François Scellier,Député,Les Républicains,Parrainage à François Fillon
Jean-Luc Schaffhauser,Député Européen,Front National,Parrainage à Marine Le Pen
Patricia Schillinger,Sénateur,Parti socialiste,Parrainage à Emmanuel Macron
Claudine Schmid,Député,Les Républicains,Parrainage à François Fillon
André Schneider,Député,Les Républicains,Parrainage à François Fillon
Roger-Gérard Schwartzenberg,Député,Parti Radical de Gauche,N'a parrainé personne
Gérard Sebaoun,Député,Parti socialiste,Parrainage à Benoît Hamon
Jean-Marie Sermier,Député,Les Républicains,Parrainage à François Fillon
Gabriel Serville,Député,Parti socialiste guyanais,N'a parrainé personne
Bruno Sido,Sénateur,Les Républicains,Parrainage à François Fillon
Fernand Siré,Député,Les Républicains,Parrainage à François Fillon
Abdourahamane Soilihi,Sénateur,Les Républicains,Parrainage à François Fillon
Thierry Solere,Député,Les Républicains,Parrainage à François Fillon
Julie Sommaruga,Député,Parti socialiste,Parrainage à Benoît Hamon
Michel Sordi,Député,Les Républicains,Parrainage à François Fillon
Éric Straumann,Député,Les Républicains,Parrainage à François Fillon
Claude Sturni,Député,Sans étiquette,Parrainage à François Fillon
Jean-Pierre Sueur,Sénateur,Parti socialiste,N'a parrainé personne
Alain Suguenot,Député,Les Républicains,Parrainage à François Fillon
Simon Sutour,Sénateur,Parti socialiste,N'a parrainé personne
Michèle Tabarot,Député,Les Républicains,Parrainage à François Fillon
Jonas Tahuaitu,Député,UDI,Parrainage à Oscar Temaru
Suzanne Tallard,Député,Parti socialiste,Parrainage à Benoît Hamon
Henri Tandonnet,Sénateur,UDI,N'a parrainé personne
Lionel Tardy,Député,Les Républicains,Parrainage à François Fillon
Catherine Tasca,Sénateur,Parti socialiste,N'a parrainé personne
Jean-Charles Taugourdeau,Député,Les Républicains,Parrainage à François Fillon
Guy Teissier,Député,Les Républicains,Parrainage à François Fillon
Pascal Terrasse,Député,Parti socialiste,N'a parrainé personne
Michel Terrot,Député,Les Républicains,Parrainage à François Fillon
Jean-Marie Tetart,Député,Les Républicains,Parrainage à François Fillon
Lana Tetuanui,Sénateur,Tapura Huiraatira/UDI,N'a parrainé personne
Pascal Thévenot,Député,Les Républicains,Parrainage à François Fillon
Thomas Thévenoud,Député,Sans étiquette,Parrainage à Benoît Hamon
Isabelle Thomas,Député Européen,Parti socialiste,Parrainage à Benoît Hamon
Dominique Tian,Député,Les Républicains,Parrainage à François Fillon
Nelly Tocqueville,Sénateur,Parti socialiste,Parrainage à Benoît Hamon
Sylvie Tolmont,Député,Parti socialiste,N'a parrainé personne
Jean-Louis Touraine,Député,Parti socialiste,Parrainage à Emmanuel Macron
Jean-Louis Tourenne,Sénateur,Parti socialiste,Parrainage à Benoît Hamon
Alain Tourret,Député,Parti Radical de Gauche,Parrainage à Emmanuel Macron
Stéphane Travert,Député,Parti socialiste,Parrainage à Emmanuel Macron
Yannick Trigance,Député,Parti socialiste,Parrainage à Benoît Hamon
André Trillard,Sénateur,Les Républicains,Parrainage à François Fillon
Catherine Troallic,Député,Parti socialiste,Parrainage à Benoît Hamon
Catherine Troendlé,Sénateur,Les Républicains,Parrainage à François Fillon
Mylène Troszczynski,Député Européen,Front National,Parrainage à Marine Le Pen
Jean-Paul Tuaiva,Député,UDI,N'a parrainé personne
Alex Türk,Sénateur,Sans étiquette,Parrainage à Alain Juppé
Cécile Untermaier,Député,Parti socialiste,Parrainage à Benoît Hamon
Daniel Vaillant,Député,Parti socialiste,N'a parrainé personne
Jacques Valax,Député,Parti socialiste,N'a parrainé personne
Raymond Vall,Sénateur,Parti Radical de Gauche,Parrainage à Emmanuel Macron
Manuel Valls,Député,Parti socialiste,N'a parrainé personne
René Vandierendonck,Sénateur,Parti socialiste,N'a parrainé personne
Jean-Marie Vanlerenberghe,Sénateur,Mouvement Démocrate (MoDEM),Parrainage à Emmanuel Macron
François Vannson,Député,Les Républicains,Parrainage à François Fillon
Michel Vaspart,Sénateur,Les Républicains,Parrainage à François Fillon
Alain Vasselle,Sénateur,Les Républicains,Parrainage à François Fillon
Yannick Vaugrenard,Sénateur,Parti socialiste,Parrainage à Benoît Hamon
Catherine Vautrin,Député,Les Républicains,Parrainage à François Fillon
Michel Vauzelle,Député,Parti socialiste,Parrainage à Benoît Hamon
Hilarion Vendegou,Sénateur,Rassemblement - Les Républicains,Parrainage à François Fillon
Bernard Vera,Sénateur,Parti Communiste Français,N'a parrainé personne
Francis Vercamer,Député,Nouveau Centre/UDI,Parrainage à François Fillon
Patrice Verchère,Député,Les Républicains,Parrainage à François Fillon
Fabrice Verdier,Député,Parti socialiste,N'a parrainé personne
Marie-Christine Vergiat,Député Européen,Parti Communiste Français,Parrainage à Charlotte Marchandise
Michel Vergnier,Député,Parti socialiste,Parrainage à Benoît Hamon
Michel Vergoz,Sénateur,Parti socialiste,N'a parrainé personne
Jean-Pierre Vial,Sénateur,Les Républicains,N'a parrainé personne
Arnaud Viala,Député,Les Républicains,Parrainage à François Fillon
Jean-Sébastien Vialatte,Député,Les Républicains,Parrainage à François Fillon
Jean-Pierre Vigier,Député,Les Républicains,Parrainage à François Fillon
Philippe Vigier,Député,Nouveau Centre/UDI,Parrainage à François Fillon
Patrick Vignal,Député,Parti socialiste,Parrainage à Emmanuel Macron
François-Xavier Villain,Député,UDI,Parrainage à Nicolas Dupont-Aignan
Jean-Michel Villaumé,Député,Parti socialiste,Parrainage à Emmanuel Macron
Maurice Vincent,Sénateur,Parti socialiste,Parrainage à Emmanuel Macron
Philippe Vitel,Député,Les Républicains,Parrainage à François Fillon
Jean Jacques Vlody,Député,Parti socialiste,Parrainage à Benoît Hamon
Jean Pierre Vogel,Sénateur,Les Républicains,Parrainage à François Fillon
Michel Voisin,Député,Les Républicains,Parrainage à François Fillon
Jean-Luc Warsmann,Député,Les Républicains,N'a parrainé personne
Dominique Watrin,Sénateur,Parti Communiste Français,Parrainage à Jean-Luc Mélenchon
Laurent Wauquiez,Député,Les Républicains,Parrainage à François Fillon
Patrick Weiten,Député,UDI,Parrainage à Laurent Hénart
Éric Woerth,Député,Les Républicains,N'a parrainé personne
Évelyne Yonnet,Sénateur,Parti socialiste,Parrainage à Benoît Hamon
Richard Yung,Sénateur,Parti socialiste,Parrainage à Emmanuel Macron
Paola Zanetti,Député,Parti socialiste,Parrainage à Benoît Hamon
Marie-Jo Zimmermann,Député,Les Républicains,Parrainage à François Fillon
François Zocchetto,Sénateur,UDI,Parrainage à François Fillon
Michel Zumkeller,Député,Parti Radical/UDI,N'a parrainé personne
